"rules"	"support"	"confidence"	"coverage"	"lift"	"count"
"1"	"{} => {1}"	0.825	0.825	1	1	1650
"2"	"{} => {69}"	0.8885	0.8885	1	1	1777
"3"	"{} => {78}"	0.89	0.89	1	1	1780
"4"	"{} => {87}"	0.938	0.938	1	1	1876
"5"	"{} => {84}"	0.938	0.938	1	1	1876
"6"	"{} => {80}"	0.938	0.938	1	1	1876
"7"	"{} => {33}"	0.938	0.938	1	1	1876
"8"	"{39} => {94}"	0.2065	1	0.2065	1.60384923817161	413
"9"	"{39} => {60}"	0.2065	1	0.2065	1.45666423889294	413
"10"	"{39} => {56}"	0.2065	1	0.2065	1.28287363694676	413
"11"	"{39} => {69}"	0.2065	1	0.2065	1.12549240292628	413
"12"	"{39} => {78}"	0.2065	1	0.2065	1.12359550561798	413
"13"	"{39} => {87}"	0.2065	1	0.2065	1.06609808102345	413
"14"	"{39} => {84}"	0.2065	1	0.2065	1.06609808102345	413
"15"	"{39} => {80}"	0.2065	1	0.2065	1.06609808102345	413
"16"	"{39} => {33}"	0.2065	1	0.2065	1.06609808102345	413
"17"	"{0} => {52}"	0.2395	1	0.2395	1.96850393700787	479
"18"	"{0} => {21}"	0.239	0.997912317327766	0.2395	1.7339918632976	478
"19"	"{0} => {35}"	0.2395	1	0.2395	1.73010380622837	479
"20"	"{0} => {94}"	0.239	0.997912317327766	0.2395	1.60050090990821	478
"21"	"{0} => {60}"	0.239	0.997912317327766	0.2395	1.45362318620214	478
"22"	"{0} => {56}"	0.239	0.997912317327766	0.2395	1.28019540388424	478
"23"	"{0} => {69}"	0.239	0.997912317327766	0.2395	1.12314273193896	478
"24"	"{0} => {78}"	0.239	0.997912317327766	0.2395	1.1212497947503	478
"25"	"{0} => {87}"	0.2395	1	0.2395	1.06609808102345	479
"26"	"{0} => {84}"	0.2395	1	0.2395	1.06609808102345	479
"27"	"{0} => {80}"	0.2395	1	0.2395	1.06609808102345	479
"28"	"{0} => {33}"	0.2395	1	0.2395	1.06609808102345	479
"29"	"{45} => {56}"	0.215	0.841487279843444	0.2555	1.0795218471372	430
"30"	"{45} => {1}"	0.2285	0.894324853228963	0.2555	1.08403012512602	457
"31"	"{45} => {69}"	0.239	0.935420743639922	0.2555	1.05280894050638	478
"32"	"{45} => {78}"	0.2385	0.933463796477495	0.2555	1.04883572637921	477
"33"	"{45} => {87}"	0.2555	1	0.2555	1.06609808102345	511
"34"	"{45} => {84}"	0.2555	1	0.2555	1.06609808102345	511
"35"	"{45} => {80}"	0.2555	1	0.2555	1.06609808102345	511
"36"	"{45} => {33}"	0.2555	1	0.2555	1.06609808102345	511
"37"	"{14} => {56}"	0.222	0.813186813186813	0.273	1.04321592455011	444
"39"	"{14} => {78}"	0.2435	0.891941391941392	0.273	1.00218133925999	487
"40"	"{14} => {87}"	0.273	1	0.273	1.06609808102345	546
"41"	"{14} => {84}"	0.273	1	0.273	1.06609808102345	546
"42"	"{14} => {80}"	0.273	1	0.273	1.06609808102345	546
"43"	"{14} => {33}"	0.273	1	0.273	1.06609808102345	546
"44"	"{6} => {53}"	0.2325	0.827402135231317	0.281	1.92419101216585	465
"45"	"{6} => {27}"	0.2575	0.916370106761566	0.281	2.12122709898511	515
"46"	"{6} => {1}"	0.2805	0.998220640569395	0.281	1.20996441281139	561
"49"	"{6} => {87}"	0.281	1	0.281	1.06609808102345	562
"50"	"{6} => {84}"	0.281	1	0.281	1.06609808102345	562
"51"	"{6} => {80}"	0.281	1	0.281	1.06609808102345	562
"52"	"{6} => {33}"	0.281	1	0.281	1.06609808102345	562
"53"	"{9} => {52}"	0.2785	0.944067796610169	0.295	1.85840117442947	557
"54"	"{9} => {21}"	0.295	1	0.295	1.73761946133797	590
"55"	"{9} => {35}"	0.295	1	0.295	1.73010380622837	590
"56"	"{9} => {94}"	0.295	1	0.295	1.60384923817161	590
"57"	"{9} => {38}"	0.2375	0.805084745762712	0.295	1.1005943209333	475
"58"	"{9} => {56}"	0.295	1	0.295	1.28287363694676	590
"60"	"{9} => {69}"	0.2825	0.957627118644068	0.295	1.07780204687008	565
"61"	"{9} => {78}"	0.283	0.959322033898305	0.295	1.07788992572843	566
"62"	"{9} => {87}"	0.295	1	0.295	1.06609808102345	590
"63"	"{9} => {84}"	0.295	1	0.295	1.06609808102345	590
"64"	"{9} => {80}"	0.295	1	0.295	1.06609808102345	590
"65"	"{9} => {33}"	0.295	1	0.295	1.06609808102345	590
"66"	"{2} => {1}"	0.2495	0.826158940397351	0.302	1.00140477623921	499
"67"	"{2} => {69}"	0.2975	0.985099337748344	0.302	1.10872182076347	595
"68"	"{2} => {78}"	0.297	0.983443708609272	0.302	1.10499293102165	594
"69"	"{2} => {87}"	0.302	1	0.302	1.06609808102345	604
"70"	"{2} => {84}"	0.302	1	0.302	1.06609808102345	604
"71"	"{2} => {80}"	0.302	1	0.302	1.06609808102345	604
"72"	"{2} => {33}"	0.302	1	0.302	1.06609808102345	604
"73"	"{18} => {60}"	0.2545	0.826298701298701	0.308	1.20363976882549	509
"74"	"{18} => {56}"	0.2535	0.823051948051948	0.308	1.05587164599352	507
"76"	"{18} => {69}"	0.308	1	0.308	1.12549240292628	616
"77"	"{18} => {78}"	0.308	1	0.308	1.12359550561798	616
"78"	"{18} => {87}"	0.308	1	0.308	1.06609808102345	616
"79"	"{18} => {84}"	0.308	1	0.308	1.06609808102345	616
"80"	"{18} => {80}"	0.308	1	0.308	1.06609808102345	616
"81"	"{18} => {33}"	0.308	1	0.308	1.06609808102345	616
"82"	"{90} => {37}"	0.314	1	0.314	2.77777777777778	628
"83"	"{37} => {90}"	0.314	0.872222222222222	0.36	2.77777777777778	628
"84"	"{90} => {20}"	0.314	1	0.314	2.75862068965517	628
"85"	"{20} => {90}"	0.314	0.866206896551724	0.3625	2.75862068965517	628
"86"	"{90} => {53}"	0.314	1	0.314	2.32558139534884	628
"87"	"{90} => {27}"	0.314	1	0.314	2.31481481481481	628
"88"	"{90} => {113}"	0.314	1	0.314	1.83318056828598	628
"89"	"{90} => {38}"	0.314	1	0.314	1.36705399863295	628
"90"	"{90} => {1}"	0.314	1	0.314	1.21212121212121	628
"91"	"{90} => {69}"	0.314	1	0.314	1.12549240292628	628
"92"	"{90} => {78}"	0.314	1	0.314	1.12359550561798	628
"93"	"{90} => {87}"	0.314	1	0.314	1.06609808102345	628
"94"	"{90} => {84}"	0.314	1	0.314	1.06609808102345	628
"95"	"{90} => {80}"	0.314	1	0.314	1.06609808102345	628
"96"	"{90} => {33}"	0.314	1	0.314	1.06609808102345	628
"97"	"{37} => {20}"	0.314	0.872222222222222	0.36	2.40613026819923	628
"98"	"{20} => {37}"	0.314	0.866206896551724	0.3625	2.40613026819923	628
"99"	"{37} => {53}"	0.36	1	0.36	2.32558139534884	720
"100"	"{53} => {37}"	0.36	0.837209302325581	0.43	2.32558139534884	720
"101"	"{37} => {27}"	0.314	0.872222222222222	0.36	2.0190329218107	628
"102"	"{37} => {113}"	0.314	0.872222222222222	0.36	1.59894082900499	628
"103"	"{37} => {38}"	0.314	0.872222222222222	0.36	1.1923748765854	628
"104"	"{37} => {1}"	0.36	1	0.36	1.21212121212121	720
"105"	"{37} => {69}"	0.36	1	0.36	1.12549240292628	720
"106"	"{37} => {78}"	0.36	1	0.36	1.12359550561798	720
"107"	"{37} => {87}"	0.36	1	0.36	1.06609808102345	720
"108"	"{37} => {84}"	0.36	1	0.36	1.06609808102345	720
"109"	"{37} => {80}"	0.36	1	0.36	1.06609808102345	720
"110"	"{37} => {33}"	0.36	1	0.36	1.06609808102345	720
"111"	"{8} => {1}"	0.307	0.848066298342541	0.362	1.02795914950611	614
"112"	"{8} => {69}"	0.362	1	0.362	1.12549240292628	724
"113"	"{8} => {78}"	0.362	1	0.362	1.12359550561798	724
"114"	"{8} => {87}"	0.362	1	0.362	1.06609808102345	724
"115"	"{8} => {84}"	0.362	1	0.362	1.06609808102345	724
"116"	"{8} => {80}"	0.362	1	0.362	1.06609808102345	724
"117"	"{8} => {33}"	0.362	1	0.362	1.06609808102345	724
"118"	"{20} => {53}"	0.314	0.866206896551724	0.3625	2.01443464314354	628
"119"	"{20} => {27}"	0.362	0.998620689655172	0.3625	2.31162196679438	724
"120"	"{27} => {20}"	0.362	0.837962962962963	0.432	2.31162196679438	724
"121"	"{20} => {113}"	0.3145	0.867586206896552	0.3625	1.5904421757957	629
"122"	"{20} => {38}"	0.3145	0.867586206896552	0.3625	1.18603719329672	629
"123"	"{20} => {1}"	0.362	0.998620689655172	0.3625	1.21044932079415	724
"124"	"{20} => {69}"	0.362	0.998620689655172	0.3625	1.1239399996119	724
"125"	"{20} => {78}"	0.362	0.998620689655172	0.3625	1.12204571871368	724
"126"	"{20} => {87}"	0.3625	1	0.3625	1.06609808102345	725
"127"	"{20} => {84}"	0.3625	1	0.3625	1.06609808102345	725
"128"	"{20} => {80}"	0.3625	1	0.3625	1.06609808102345	725
"129"	"{20} => {33}"	0.3625	1	0.3625	1.06609808102345	725
"130"	"{109} => {38}"	0.3245	0.850589777195282	0.3815	1.16280215611112	649
"131"	"{109} => {56}"	0.3065	0.803407601572739	0.3815	1.03067043178029	613
"132"	"{109} => {1}"	0.3245	0.850589777195282	0.3815	1.03101791175186	649
"133"	"{109} => {69}"	0.3815	1	0.3815	1.12549240292628	763
"134"	"{109} => {78}"	0.3815	1	0.3815	1.12359550561798	763
"135"	"{109} => {87}"	0.3815	1	0.3815	1.06609808102345	763
"136"	"{109} => {84}"	0.3815	1	0.3815	1.06609808102345	763
"137"	"{109} => {80}"	0.3815	1	0.3815	1.06609808102345	763
"138"	"{109} => {33}"	0.3815	1	0.3815	1.06609808102345	763
"139"	"{53} => {27}"	0.384	0.893023255813953	0.43	2.0671834625323	768
"140"	"{27} => {53}"	0.384	0.888888888888889	0.432	2.0671834625323	768
"141"	"{53} => {38}"	0.384	0.893023255813953	0.43	1.22081101273268	768
"142"	"{53} => {1}"	0.43	1	0.43	1.21212121212121	860
"145"	"{53} => {87}"	0.43	1	0.43	1.06609808102345	860
"146"	"{53} => {84}"	0.43	1	0.43	1.06609808102345	860
"147"	"{53} => {80}"	0.43	1	0.43	1.06609808102345	860
"148"	"{53} => {33}"	0.43	1	0.43	1.06609808102345	860
"149"	"{27} => {38}"	0.384	0.888888888888889	0.432	1.21515910989595	768
"150"	"{27} => {1}"	0.432	1	0.432	1.21212121212121	864
"152"	"{27} => {78}"	0.3845	0.890046296296296	0.432	1.00005201831045	769
"153"	"{27} => {87}"	0.432	1	0.432	1.06609808102345	864
"154"	"{27} => {84}"	0.432	1	0.432	1.06609808102345	864
"155"	"{27} => {80}"	0.432	1	0.432	1.06609808102345	864
"156"	"{27} => {33}"	0.432	1	0.432	1.06609808102345	864
"157"	"{99} => {38}"	0.369	0.821826280623608	0.449	1.12348090310814	738
"158"	"{99} => {56}"	0.3665	0.816258351893096	0.449	1.04715632058126	733
"159"	"{99} => {1}"	0.393	0.875278396436526	0.449	1.06094351083215	786
"160"	"{99} => {69}"	0.425	0.946547884187082	0.449	1.06533245265851	850
"161"	"{99} => {78}"	0.4265	0.94988864142539	0.449	1.06729060834313	853
"162"	"{99} => {87}"	0.449	1	0.449	1.06609808102345	898
"163"	"{99} => {84}"	0.449	1	0.449	1.06609808102345	898
"164"	"{99} => {80}"	0.449	1	0.449	1.06609808102345	898
"165"	"{99} => {33}"	0.449	1	0.449	1.06609808102345	898
"166"	"{100} => {56}"	0.3895	0.837634408602151	0.465	1.07457910019519	779
"167"	"{100} => {1}"	0.4085	0.878494623655914	0.465	1.06484196806777	817
"168"	"{100} => {69}"	0.44	0.946236559139785	0.465	1.06498205868293	880
"169"	"{100} => {78}"	0.44	0.946236559139785	0.465	1.06318714510088	880
"170"	"{100} => {87}"	0.465	1	0.465	1.06609808102345	930
"171"	"{100} => {84}"	0.465	1	0.465	1.06609808102345	930
"172"	"{100} => {80}"	0.465	1	0.465	1.06609808102345	930
"173"	"{100} => {33}"	0.465	1	0.465	1.06609808102345	930
"174"	"{5} => {56}"	0.4125	0.835866261398176	0.4935	1.07231079076097	825
"175"	"{5} => {1}"	0.433	0.877406281661601	0.4935	1.06352276565043	866
"176"	"{5} => {69}"	0.4485	0.908814589665654	0.4935	1.02286391633726	897
"177"	"{5} => {78}"	0.4505	0.912867274569402	0.4935	1.02569356693191	901
"178"	"{5} => {87}"	0.4935	1	0.4935	1.06609808102345	987
"179"	"{5} => {84}"	0.4935	1	0.4935	1.06609808102345	987
"180"	"{5} => {80}"	0.4935	1	0.4935	1.06609808102345	987
"181"	"{5} => {33}"	0.4935	1	0.4935	1.06609808102345	987
"182"	"{52} => {21}"	0.4595	0.904527559055118	0.508	1.5717246899307	919
"183"	"{52} => {35}"	0.508	1	0.508	1.73010380622837	1016
"184"	"{35} => {52}"	0.508	0.878892733564014	0.578	1.73010380622837	1016
"185"	"{52} => {94}"	0.5075	0.999015748031496	0.508	1.60227064640176	1015
"186"	"{94} => {52}"	0.5075	0.813953488372093	0.6235	1.60227064640176	1015
"187"	"{52} => {60}"	0.413	0.812992125984252	0.508	1.1842565564228	826
"188"	"{52} => {56}"	0.5075	0.999015748031496	0.508	1.28161096604425	1015
"189"	"{52} => {69}"	0.5075	0.999015748031496	0.508	1.12438463481316	1015
"190"	"{52} => {78}"	0.5075	0.999015748031496	0.508	1.12248960452977	1015
"191"	"{52} => {87}"	0.508	1	0.508	1.06609808102345	1016
"192"	"{52} => {84}"	0.508	1	0.508	1.06609808102345	1016
"193"	"{52} => {80}"	0.508	1	0.508	1.06609808102345	1016
"194"	"{52} => {33}"	0.508	1	0.508	1.06609808102345	1016
"195"	"{113} => {38}"	0.489	0.896425297891842	0.5455	1.22546178795877	978
"196"	"{113} => {1}"	0.4885	0.895508707607699	0.5455	1.08546510013054	977
"197"	"{113} => {69}"	0.545	0.999083409715857	0.5455	1.12446078752488	1090
"198"	"{113} => {78}"	0.545	0.999083409715857	0.5455	1.12256562889422	1090
"199"	"{113} => {87}"	0.5455	1	0.5455	1.06609808102345	1091
"200"	"{113} => {84}"	0.5455	1	0.5455	1.06609808102345	1091
"201"	"{113} => {80}"	0.5455	1	0.5455	1.06609808102345	1091
"202"	"{113} => {33}"	0.5455	1	0.5455	1.06609808102345	1091
"203"	"{21} => {35}"	0.5295	0.920069504778454	0.5755	1.59181575221186	1059
"204"	"{35} => {21}"	0.5295	0.916089965397924	0.578	1.59181575221186	1059
"205"	"{21} => {94}"	0.5755	1	0.5755	1.60384923817161	1151
"206"	"{94} => {21}"	0.5755	0.923015236567763	0.6235	1.60384923817161	1151
"207"	"{21} => {60}"	0.481	0.835794960903562	0.5755	1.21747263059514	962
"208"	"{21} => {56}"	0.5755	1	0.5755	1.28287363694676	1151
"210"	"{21} => {69}"	0.5265	0.91485664639444	0.5755	1.02966420528356	1053
"211"	"{21} => {78}"	0.528	0.917463075586447	0.5755	1.03085738829938	1056
"212"	"{21} => {87}"	0.5755	1	0.5755	1.06609808102345	1151
"213"	"{21} => {84}"	0.5755	1	0.5755	1.06609808102345	1151
"214"	"{21} => {80}"	0.5755	1	0.5755	1.06609808102345	1151
"215"	"{21} => {33}"	0.5755	1	0.5755	1.06609808102345	1151
"216"	"{35} => {94}"	0.5775	0.999134948096886	0.578	1.60246182533582	1155
"217"	"{94} => {35}"	0.5775	0.926222935044106	0.6235	1.60246182533582	1155
"218"	"{35} => {60}"	0.483	0.835640138408305	0.578	1.21724710620292	966
"219"	"{35} => {56}"	0.5775	0.999134948096886	0.578	1.28176388466566	1155
"221"	"{35} => {69}"	0.5285	0.914359861591695	0.578	1.02910507776218	1057
"222"	"{35} => {78}"	0.53	0.916955017301038	0.578	1.0302865362933	1060
"223"	"{35} => {87}"	0.578	1	0.578	1.06609808102345	1156
"224"	"{35} => {84}"	0.578	1	0.578	1.06609808102345	1156
"225"	"{35} => {80}"	0.578	1	0.578	1.06609808102345	1156
"226"	"{35} => {33}"	0.578	1	0.578	1.06609808102345	1156
"227"	"{94} => {60}"	0.529	0.848436246992783	0.6235	1.23588673997492	1058
"228"	"{94} => {56}"	0.6235	1	0.6235	1.28287363694676	1247
"230"	"{94} => {69}"	0.5745	0.921411387329591	0.6235	1.03704151640922	1149
"231"	"{94} => {78}"	0.576	0.923817161186848	0.6235	1.0379968103223	1152
"232"	"{94} => {87}"	0.6235	1	0.6235	1.06609808102345	1247
"233"	"{94} => {84}"	0.6235	1	0.6235	1.06609808102345	1247
"234"	"{94} => {80}"	0.6235	1	0.6235	1.06609808102345	1247
"235"	"{94} => {33}"	0.6235	1	0.6235	1.06609808102345	1247
"236"	"{60} => {56}"	0.606	0.882738528769119	0.6865	1.13244198687507	1212
"237"	"{60} => {1}"	0.574	0.836125273124545	0.6865	1.0134851795449	1148
"238"	"{60} => {69}"	0.6375	0.928623452294246	0.6865	1.04515864073635	1275
"239"	"{60} => {78}"	0.639	0.930808448652586	0.6865	1.04585218949729	1278
"240"	"{60} => {87}"	0.6865	1	0.6865	1.06609808102345	1373
"241"	"{60} => {84}"	0.6865	1	0.6865	1.06609808102345	1373
"242"	"{60} => {80}"	0.6865	1	0.6865	1.06609808102345	1373
"243"	"{60} => {33}"	0.6865	1	0.6865	1.06609808102345	1373
"244"	"{38} => {1}"	0.731	0.999316473000683	0.7315	1.21129269454628	1462
"245"	"{1} => {38}"	0.731	0.886060606060606	0.825	1.21129269454628	1462
"246"	"{38} => {69}"	0.682	0.932330827067669	0.7315	1.04933126287864	1364
"247"	"{38} => {78}"	0.6835	0.934381408065619	0.7315	1.04986675063553	1367
"248"	"{38} => {87}"	0.7315	1	0.7315	1.06609808102345	1463
"249"	"{38} => {84}"	0.7315	1	0.7315	1.06609808102345	1463
"250"	"{38} => {80}"	0.7315	1	0.7315	1.06609808102345	1463
"251"	"{38} => {33}"	0.7315	1	0.7315	1.06609808102345	1463
"252"	"{56} => {1}"	0.667	0.855676715843489	0.7795	1.03718389799211	1334
"253"	"{1} => {56}"	0.667	0.808484848484848	0.825	1.03718389799211	1334
"254"	"{56} => {69}"	0.7305	0.937139191789609	0.7795	1.05474304084368	1461
"255"	"{69} => {56}"	0.7305	0.822172200337648	0.8885	1.05474304084368	1461
"256"	"{56} => {78}"	0.732	0.939063502245029	0.7795	1.05512753061239	1464
"257"	"{78} => {56}"	0.732	0.82247191011236	0.89	1.05512753061239	1464
"258"	"{56} => {87}"	0.7795	1	0.7795	1.06609808102345	1559
"259"	"{87} => {56}"	0.7795	0.831023454157783	0.938	1.06609808102345	1559
"260"	"{56} => {84}"	0.7795	1	0.7795	1.06609808102345	1559
"261"	"{84} => {56}"	0.7795	0.831023454157783	0.938	1.06609808102345	1559
"262"	"{56} => {80}"	0.7795	1	0.7795	1.06609808102345	1559
"263"	"{80} => {56}"	0.7795	0.831023454157783	0.938	1.06609808102345	1559
"264"	"{56} => {33}"	0.7795	1	0.7795	1.06609808102345	1559
"265"	"{33} => {56}"	0.7795	0.831023454157783	0.938	1.06609808102345	1559
"266"	"{1} => {69}"	0.776	0.940606060606061	0.825	1.05864497535854	1552
"267"	"{69} => {1}"	0.776	0.873382104670793	0.8885	1.05864497535854	1552
"268"	"{1} => {78}"	0.7775	0.942424242424242	0.825	1.05890364317331	1555
"269"	"{78} => {1}"	0.7775	0.873595505617977	0.89	1.05890364317331	1555
"270"	"{1} => {87}"	0.825	1	0.825	1.06609808102345	1650
"271"	"{87} => {1}"	0.825	0.87953091684435	0.938	1.06609808102345	1650
"272"	"{1} => {84}"	0.825	1	0.825	1.06609808102345	1650
"273"	"{84} => {1}"	0.825	0.87953091684435	0.938	1.06609808102345	1650
"274"	"{1} => {80}"	0.825	1	0.825	1.06609808102345	1650
"275"	"{80} => {1}"	0.825	0.87953091684435	0.938	1.06609808102345	1650
"276"	"{1} => {33}"	0.825	1	0.825	1.06609808102345	1650
"277"	"{33} => {1}"	0.825	0.87953091684435	0.938	1.06609808102345	1650
"278"	"{69} => {78}"	0.873	0.982554867754643	0.8885	1.10399423343218	1746
"279"	"{78} => {69}"	0.873	0.980898876404494	0.89	1.10399423343218	1746
"280"	"{69} => {87}"	0.8885	1	0.8885	1.06609808102345	1777
"281"	"{87} => {69}"	0.8885	0.947228144989339	0.938	1.06609808102345	1777
"282"	"{69} => {84}"	0.8885	1	0.8885	1.06609808102345	1777
"283"	"{84} => {69}"	0.8885	0.947228144989339	0.938	1.06609808102345	1777
"284"	"{69} => {80}"	0.8885	1	0.8885	1.06609808102345	1777
"285"	"{80} => {69}"	0.8885	0.947228144989339	0.938	1.06609808102345	1777
"286"	"{69} => {33}"	0.8885	1	0.8885	1.06609808102345	1777
"287"	"{33} => {69}"	0.8885	0.947228144989339	0.938	1.06609808102345	1777
"288"	"{78} => {87}"	0.89	1	0.89	1.06609808102345	1780
"289"	"{87} => {78}"	0.89	0.948827292110874	0.938	1.06609808102345	1780
"290"	"{78} => {84}"	0.89	1	0.89	1.06609808102345	1780
"291"	"{84} => {78}"	0.89	0.948827292110874	0.938	1.06609808102345	1780
"292"	"{78} => {80}"	0.89	1	0.89	1.06609808102345	1780
"293"	"{80} => {78}"	0.89	0.948827292110874	0.938	1.06609808102345	1780
"294"	"{78} => {33}"	0.89	1	0.89	1.06609808102345	1780
"295"	"{33} => {78}"	0.89	0.948827292110874	0.938	1.06609808102345	1780
"296"	"{87} => {84}"	0.938	1	0.938	1.06609808102345	1876
"297"	"{84} => {87}"	0.938	1	0.938	1.06609808102345	1876
"298"	"{87} => {80}"	0.938	1	0.938	1.06609808102345	1876
"299"	"{80} => {87}"	0.938	1	0.938	1.06609808102345	1876
"300"	"{87} => {33}"	0.938	1	0.938	1.06609808102345	1876
"301"	"{33} => {87}"	0.938	1	0.938	1.06609808102345	1876
"302"	"{84} => {80}"	0.938	1	0.938	1.06609808102345	1876
"303"	"{80} => {84}"	0.938	1	0.938	1.06609808102345	1876
"304"	"{84} => {33}"	0.938	1	0.938	1.06609808102345	1876
"305"	"{33} => {84}"	0.938	1	0.938	1.06609808102345	1876
"306"	"{80} => {33}"	0.938	1	0.938	1.06609808102345	1876
"307"	"{33} => {80}"	0.938	1	0.938	1.06609808102345	1876
"405"	"{0,94} => {21}"	0.239	1	0.239	1.73761946133797	478
"406"	"{0,21} => {60}"	0.239	1	0.239	1.45666423889294	478
"407"	"{0,60} => {21}"	0.239	1	0.239	1.73761946133797	478
"409"	"{0,56} => {21}"	0.239	1	0.239	1.73761946133797	478
"410"	"{0,21} => {69}"	0.239	1	0.239	1.12549240292628	478
"411"	"{0,69} => {21}"	0.239	1	0.239	1.73761946133797	478
"412"	"{0,21} => {78}"	0.239	1	0.239	1.12359550561798	478
"413"	"{0,78} => {21}"	0.239	1	0.239	1.73761946133797	478
"440"	"{0,94} => {60}"	0.239	1	0.239	1.45666423889294	478
"441"	"{0,60} => {94}"	0.239	1	0.239	1.60384923817161	478
"443"	"{0,56} => {94}"	0.239	1	0.239	1.60384923817161	478
"444"	"{0,94} => {69}"	0.239	1	0.239	1.12549240292628	478
"445"	"{0,69} => {94}"	0.239	1	0.239	1.60384923817161	478
"446"	"{0,94} => {78}"	0.239	1	0.239	1.12359550561798	478
"447"	"{0,78} => {94}"	0.239	1	0.239	1.60384923817161	478
"456"	"{0,60} => {56}"	0.239	1	0.239	1.28287363694676	478
"457"	"{0,56} => {60}"	0.239	1	0.239	1.45666423889294	478
"458"	"{0,60} => {69}"	0.239	1	0.239	1.12549240292628	478
"459"	"{0,69} => {60}"	0.239	1	0.239	1.45666423889294	478
"460"	"{0,60} => {78}"	0.239	1	0.239	1.12359550561798	478
"461"	"{0,78} => {60}"	0.239	1	0.239	1.45666423889294	478
"470"	"{0,56} => {69}"	0.239	1	0.239	1.12549240292628	478
"471"	"{0,69} => {56}"	0.239	1	0.239	1.28287363694676	478
"472"	"{0,56} => {78}"	0.239	1	0.239	1.12359550561798	478
"473"	"{0,78} => {56}"	0.239	1	0.239	1.28287363694676	478
"482"	"{0,69} => {78}"	0.239	1	0.239	1.12359550561798	478
"483"	"{0,78} => {69}"	0.239	1	0.239	1.12549240292628	478
"512"	"{38,45} => {1}"	0.202	1	0.202	1.21212121212121	404
"613"	"{6,69} => {20}"	0.204	0.836065573770492	0.244	2.3063877897117	408
"615"	"{6,78} => {20}"	0.204	0.83265306122449	0.245	2.29697396199859	408
"622"	"{53,6} => {38}"	0.2095	0.901075268817204	0.2325	1.23181854930582	419
"623"	"{38,6} => {53}"	0.2095	0.997619047619048	0.21	2.32004429678848	419
"625"	"{1,6} => {53}"	0.2325	0.828877005347594	0.2805	1.92762094266882	465
"635"	"{38,6} => {27}"	0.2095	0.997619047619048	0.21	2.30930335097002	419
"637"	"{1,6} => {27}"	0.2575	0.918003565062389	0.2805	2.12500825245923	515
"650"	"{6,60} => {1}"	0.204	1	0.204	1.21212121212121	408
"660"	"{56,6} => {1}"	0.201	1	0.201	1.21212121212121	402
"666"	"{6,69} => {1}"	0.244	1	0.244	1.21212121212121	488
"668"	"{6,78} => {1}"	0.245	1	0.245	1.21212121212121	490
"717"	"{52,9} => {69}"	0.2785	1	0.2785	1.12549240292628	557
"718"	"{69,9} => {52}"	0.2785	0.985840707964602	0.2825	1.94063131489095	557
"719"	"{52,9} => {78}"	0.2785	1	0.2785	1.12359550561798	557
"720"	"{78,9} => {52}"	0.2785	0.984098939929329	0.283	1.93720263765616	557
"799"	"{38,9} => {1}"	0.2375	1	0.2375	1.21212121212121	475
"800"	"{1,9} => {38}"	0.2375	1	0.2375	1.36705399863295	475
"835"	"{69,9} => {78}"	0.279	0.987610619469027	0.2825	1.10967485333598	558
"836"	"{78,9} => {69}"	0.279	0.985865724381625	0.283	1.10958438309693	558
"865"	"{113,2} => {69}"	0.208	1	0.208	1.12549240292628	416
"866"	"{113,2} => {78}"	0.208	1	0.208	1.12359550561798	416
"871"	"{2,38} => {1}"	0.2115	1	0.2115	1.21212121212121	423
"897"	"{2,69} => {78}"	0.295	0.991596638655462	0.2975	1.11415352657917	590
"898"	"{2,78} => {69}"	0.295	0.993265993265993	0.297	1.1179133295059	590
"928"	"{18,94} => {21}"	0.202	1	0.202	1.73761946133797	404
"929"	"{18,21} => {60}"	0.202	1	0.202	1.45666423889294	404
"937"	"{18,94} => {60}"	0.202	1	0.202	1.45666423889294	404
"945"	"{18,60} => {56}"	0.2265	0.889980353634578	0.2545	1.14173233307835	453
"946"	"{18,56} => {60}"	0.2265	0.893491124260355	0.2535	1.3015165684783	453
"959"	"{18,38} => {1}"	0.231	1	0.231	1.21212121212121	462
"960"	"{1,18} => {38}"	0.231	0.911242603550296	0.2535	1.24571784490813	462
"1023"	"{20,37} => {90}"	0.314	1	0.314	3.18471337579618	628
"1029"	"{27,37} => {90}"	0.314	1	0.314	3.18471337579618	628
"1032"	"{113,37} => {90}"	0.314	1	0.314	3.18471337579618	628
"1035"	"{37,38} => {90}"	0.314	1	0.314	3.18471337579618	628
"1059"	"{20,53} => {90}"	0.314	1	0.314	3.18471337579618	628
"1062"	"{20,27} => {90}"	0.314	0.867403314917127	0.362	2.76243093922652	628
"1065"	"{113,20} => {90}"	0.314	0.998410174880763	0.3145	3.17965023847377	628
"1068"	"{20,38} => {90}"	0.314	0.998410174880763	0.3145	3.17965023847377	628
"1071"	"{1,20} => {90}"	0.314	0.867403314917127	0.362	2.76243093922652	628
"1074"	"{20,69} => {90}"	0.314	0.867403314917127	0.362	2.76243093922652	628
"1077"	"{20,78} => {90}"	0.314	0.867403314917127	0.362	2.76243093922652	628
"1092"	"{27,53} => {90}"	0.314	0.817708333333333	0.384	2.60416666666667	628
"1095"	"{113,53} => {90}"	0.314	1	0.314	3.18471337579618	628
"1098"	"{38,53} => {90}"	0.314	0.817708333333333	0.384	2.60416666666667	628
"1103"	"{53,69} => {90}"	0.314	0.824146981627297	0.381	2.6246719160105	628
"1106"	"{53,78} => {90}"	0.314	0.820915032679739	0.3825	2.61437908496732	628
"1117"	"{113,27} => {90}"	0.314	1	0.314	3.18471337579618	628
"1120"	"{27,38} => {90}"	0.314	0.817708333333333	0.384	2.60416666666667	628
"1125"	"{27,69} => {90}"	0.314	0.819843342036554	0.383	2.61096605744125	628
"1128"	"{27,78} => {90}"	0.314	0.816644993498049	0.3845	2.60078023407022	628
"1211"	"{20,53} => {37}"	0.314	1	0.314	2.77777777777778	628
"1212"	"{20,37} => {27}"	0.314	1	0.314	2.31481481481481	628
"1213"	"{27,37} => {20}"	0.314	1	0.314	2.75862068965517	628
"1214"	"{20,27} => {37}"	0.314	0.867403314917127	0.362	2.40945365254758	628
"1215"	"{20,37} => {113}"	0.314	1	0.314	1.83318056828598	628
"1216"	"{113,37} => {20}"	0.314	1	0.314	2.75862068965517	628
"1217"	"{113,20} => {37}"	0.314	0.998410174880763	0.3145	2.77336159689101	628
"1218"	"{20,37} => {38}"	0.314	1	0.314	1.36705399863295	628
"1219"	"{37,38} => {20}"	0.314	1	0.314	2.75862068965517	628
"1220"	"{20,38} => {37}"	0.314	0.998410174880763	0.3145	2.77336159689101	628
"1223"	"{1,20} => {37}"	0.314	0.867403314917127	0.362	2.40945365254758	628
"1226"	"{20,69} => {37}"	0.314	0.867403314917127	0.362	2.40945365254758	628
"1229"	"{20,78} => {37}"	0.314	0.867403314917127	0.362	2.40945365254758	628
"1247"	"{113,53} => {37}"	0.314	1	0.314	2.77777777777778	628
"1258"	"{53,69} => {37}"	0.36	0.94488188976378	0.381	2.6246719160105	720
"1261"	"{53,78} => {37}"	0.36	0.941176470588235	0.3825	2.61437908496732	720
"1274"	"{27,37} => {113}"	0.314	1	0.314	1.83318056828598	628
"1275"	"{113,37} => {27}"	0.314	1	0.314	2.31481481481481	628
"1276"	"{113,27} => {37}"	0.314	1	0.314	2.77777777777778	628
"1277"	"{27,37} => {38}"	0.314	1	0.314	1.36705399863295	628
"1278"	"{37,38} => {27}"	0.314	1	0.314	2.31481481481481	628
"1279"	"{27,38} => {37}"	0.314	0.817708333333333	0.384	2.27141203703704	628
"1284"	"{27,69} => {37}"	0.314	0.819843342036554	0.383	2.2773426167682	628
"1287"	"{27,78} => {37}"	0.314	0.816644993498049	0.3845	2.26845831527236	628
"1296"	"{113,37} => {38}"	0.314	1	0.314	1.36705399863295	628
"1297"	"{37,38} => {113}"	0.314	1	0.314	1.83318056828598	628
"1391"	"{8,94} => {21}"	0.204	1	0.204	1.73761946133797	408
"1392"	"{21,8} => {60}"	0.204	1	0.204	1.45666423889294	408
"1400"	"{8,94} => {60}"	0.204	1	0.204	1.45666423889294	408
"1409"	"{56,8} => {60}"	0.2425	0.855379188712522	0.2835	1.24600027489078	485
"1417"	"{38,8} => {1}"	0.284	1	0.284	1.21212121212121	568
"1418"	"{1,8} => {38}"	0.284	0.925081433224756	0.307	1.264636272351	568
"1474"	"{20,53} => {27}"	0.314	1	0.314	2.31481481481481	628
"1477"	"{20,53} => {113}"	0.314	1	0.314	1.83318056828598	628
"1478"	"{113,20} => {53}"	0.314	0.998410174880763	0.3145	2.32188412762968	628
"1479"	"{113,53} => {20}"	0.314	1	0.314	2.75862068965517	628
"1480"	"{20,53} => {38}"	0.314	1	0.314	1.36705399863295	628
"1481"	"{20,38} => {53}"	0.314	0.998410174880763	0.3145	2.32188412762968	628
"1482"	"{38,53} => {20}"	0.314	0.817708333333333	0.384	2.25574712643678	628
"1484"	"{1,20} => {53}"	0.314	0.867403314917127	0.362	2.01721701143518	628
"1485"	"{20,53} => {69}"	0.314	1	0.314	1.12549240292628	628
"1486"	"{20,69} => {53}"	0.314	0.867403314917127	0.362	2.01721701143518	628
"1487"	"{53,69} => {20}"	0.314	0.824146981627297	0.381	2.27350891483392	628
"1488"	"{20,53} => {78}"	0.314	1	0.314	1.12359550561798	628
"1489"	"{20,78} => {53}"	0.314	0.867403314917127	0.362	2.01721701143518	628
"1490"	"{53,78} => {20}"	0.314	0.820915032679739	0.3825	2.26459319359928	628
"1501"	"{113,27} => {20}"	0.314	1	0.314	2.75862068965517	628
"1502"	"{20,60} => {27}"	0.2055	1	0.2055	2.31481481481481	411
"1506"	"{20,56} => {27}"	0.204	1	0.204	2.31481481481481	408
"1508"	"{1,20} => {27}"	0.362	1	0.362	2.31481481481481	724
"1510"	"{20,27} => {69}"	0.362	1	0.362	1.12549240292628	724
"1511"	"{20,69} => {27}"	0.362	1	0.362	2.31481481481481	724
"1512"	"{27,69} => {20}"	0.362	0.945169712793734	0.383	2.60736472494823	724
"1513"	"{20,27} => {78}"	0.362	1	0.362	1.12359550561798	724
"1514"	"{20,78} => {27}"	0.362	1	0.362	2.31481481481481	724
"1515"	"{27,78} => {20}"	0.362	0.94148244473342	0.3845	2.59719295098874	724
"1528"	"{113,20} => {38}"	0.3145	1	0.3145	1.36705399863295	629
"1529"	"{20,38} => {113}"	0.3145	1	0.3145	1.83318056828598	629
"1544"	"{20,60} => {1}"	0.2055	1	0.2055	1.21212121212121	411
"1545"	"{20,60} => {69}"	0.2055	1	0.2055	1.12549240292628	411
"1546"	"{20,60} => {78}"	0.2055	1	0.2055	1.12359550561798	411
"1565"	"{20,56} => {1}"	0.204	1	0.204	1.21212121212121	408
"1566"	"{20,56} => {69}"	0.204	1	0.204	1.12549240292628	408
"1567"	"{20,56} => {78}"	0.204	1	0.204	1.12359550561798	408
"1572"	"{1,20} => {69}"	0.362	1	0.362	1.12549240292628	724
"1573"	"{20,69} => {1}"	0.362	1	0.362	1.21212121212121	724
"1574"	"{1,20} => {78}"	0.362	1	0.362	1.12359550561798	724
"1575"	"{20,78} => {1}"	0.362	1	0.362	1.21212121212121	724
"1584"	"{20,69} => {78}"	0.362	1	0.362	1.12359550561798	724
"1585"	"{20,78} => {69}"	0.362	1	0.362	1.12549240292628	724
"1614"	"{109,52} => {21}"	0.23	1	0.23	1.73761946133797	460
"1615"	"{109,21} => {52}"	0.23	1	0.23	1.96850393700787	460
"1617"	"{109,35} => {52}"	0.23	1	0.23	1.96850393700787	460
"1618"	"{109,52} => {94}"	0.23	1	0.23	1.60384923817161	460
"1619"	"{109,94} => {52}"	0.23	1	0.23	1.96850393700787	460
"1620"	"{109,52} => {56}"	0.23	1	0.23	1.28287363694676	460
"1635"	"{109,21} => {35}"	0.23	1	0.23	1.73010380622837	460
"1636"	"{109,35} => {21}"	0.23	1	0.23	1.73761946133797	460
"1638"	"{109,94} => {21}"	0.23	1	0.23	1.73761946133797	460
"1646"	"{109,35} => {94}"	0.23	1	0.23	1.60384923817161	460
"1647"	"{109,94} => {35}"	0.23	1	0.23	1.73010380622837	460
"1648"	"{109,35} => {56}"	0.23	1	0.23	1.28287363694676	460
"1670"	"{109,38} => {1}"	0.3245	1	0.3245	1.21212121212121	649
"1671"	"{1,109} => {38}"	0.3245	1	0.3245	1.36705399863295	649
"1739"	"{5,53} => {27}"	0.22	0.901639344262295	0.244	2.08712811171828	440
"1740"	"{27,5} => {53}"	0.22	0.932203389830508	0.236	2.16791486007095	440
"1741"	"{27,53} => {113}"	0.314	0.817708333333333	0.384	1.49900702719218	628
"1742"	"{113,53} => {27}"	0.314	1	0.314	2.31481481481481	628
"1743"	"{113,27} => {53}"	0.314	1	0.314	2.32558139534884	628
"1746"	"{27,53} => {38}"	0.384	1	0.384	1.36705399863295	768
"1747"	"{38,53} => {27}"	0.384	1	0.384	2.31481481481481	768
"1748"	"{27,38} => {53}"	0.384	1	0.384	2.32558139534884	768
"1777"	"{5,53} => {38}"	0.22	0.901639344262295	0.244	1.23258967089856	440
"1784"	"{113,53} => {38}"	0.314	1	0.314	1.36705399863295	628
"1785"	"{38,53} => {113}"	0.314	0.817708333333333	0.384	1.49900702719218	628
"1787"	"{113,53} => {69}"	0.314	1	0.314	1.12549240292628	628
"1788"	"{53,69} => {113}"	0.314	0.824146981627297	0.381	1.5108102321307	628
"1789"	"{113,53} => {78}"	0.314	1	0.314	1.12359550561798	628
"1790"	"{53,78} => {113}"	0.314	0.820915032679739	0.3825	1.50488548612234	628
"1877"	"{27,5} => {38}"	0.22	0.932203389830508	0.236	1.27437237160698	440
"1883"	"{113,27} => {38}"	0.314	1	0.314	1.36705399863295	628
"1884"	"{27,38} => {113}"	0.314	0.817708333333333	0.384	1.49900702719218	628
"1886"	"{113,27} => {69}"	0.314	1	0.314	1.12549240292628	628
"1887"	"{27,69} => {113}"	0.314	0.819843342036554	0.383	1.50292088366004	628
"1888"	"{113,27} => {78}"	0.314	1	0.314	1.12359550561798	628
"1889"	"{27,78} => {113}"	0.314	0.816644993498049	0.3845	1.49705773326865	628
"1973"	"{52,99} => {21}"	0.2295	0.905325443786982	0.2535	1.57311110996869	459
"1974"	"{21,99} => {52}"	0.2295	0.870967741935484	0.2635	1.71450342900686	459
"1976"	"{35,99} => {52}"	0.2535	0.881739130434783	0.2875	1.73570694967477	507
"1977"	"{52,99} => {94}"	0.2535	1	0.2535	1.60384923817161	507
"1978"	"{94,99} => {52}"	0.2535	0.881739130434783	0.2875	1.73570694967477	507
"1980"	"{52,99} => {56}"	0.2535	1	0.2535	1.28287363694676	507
"1981"	"{52,99} => {69}"	0.2535	1	0.2535	1.12549240292628	507
"1982"	"{52,99} => {78}"	0.2535	1	0.2535	1.12359550561798	507
"1987"	"{113,99} => {38}"	0.2495	0.899099099099099	0.2775	1.2291170185907	499
"1988"	"{113,99} => {1}"	0.2495	0.899099099099099	0.2775	1.08981708981709	499
"1989"	"{113,99} => {69}"	0.2775	1	0.2775	1.12549240292628	555
"1990"	"{113,99} => {78}"	0.2775	1	0.2775	1.12359550561798	555
"1995"	"{21,99} => {35}"	0.2635	1	0.2635	1.73010380622837	527
"1996"	"{35,99} => {21}"	0.2635	0.916521739130435	0.2875	1.59256601065236	527
"2007"	"{35,99} => {94}"	0.2875	1	0.2875	1.60384923817161	575
"2008"	"{94,99} => {35}"	0.2875	1	0.2875	1.73010380622837	575
"2010"	"{35,99} => {56}"	0.2875	1	0.2875	1.28287363694676	575
"2035"	"{38,99} => {1}"	0.369	1	0.369	1.21212121212121	738
"2036"	"{1,99} => {38}"	0.369	0.938931297709924	0.393	1.28356978497597	738
"2104"	"{100,5} => {56}"	0.206	0.842535787321063	0.2445	1.08086694973838	412
"2112"	"{100,52} => {21}"	0.23	0.905511811023622	0.254	1.57343494530603	460
"2115"	"{100,52} => {94}"	0.254	1	0.254	1.60384923817161	508
"2117"	"{100,52} => {60}"	0.2075	0.816929133858268	0.254	1.18999145500112	415
"2118"	"{100,52} => {56}"	0.254	1	0.254	1.28287363694676	508
"2119"	"{100,52} => {69}"	0.254	1	0.254	1.12549240292628	508
"2120"	"{100,52} => {78}"	0.254	1	0.254	1.12359550561798	508
"2127"	"{100,113} => {69}"	0.2675	1	0.2675	1.12549240292628	535
"2128"	"{100,113} => {78}"	0.2675	1	0.2675	1.12359550561798	535
"2133"	"{100,21} => {35}"	0.266	0.922010398613518	0.2885	1.59517370002339	532
"2134"	"{100,35} => {21}"	0.266	0.917241379310345	0.29	1.59381647143414	532
"2136"	"{100,94} => {21}"	0.2885	0.9232	0.3125	1.60417028670721	577
"2137"	"{100,21} => {60}"	0.242	0.838821490467938	0.2885	1.22188126797952	484
"2146"	"{100,35} => {94}"	0.29	1	0.29	1.60384923817161	580
"2147"	"{100,94} => {35}"	0.29	0.928	0.3125	1.60553633217993	580
"2148"	"{100,35} => {60}"	0.2435	0.839655172413793	0.29	1.22309566265665	487
"2149"	"{100,35} => {56}"	0.29	1	0.29	1.28287363694676	580
"2157"	"{100,94} => {60}"	0.266	0.8512	0.3125	1.23991260014567	532
"2159"	"{100,56} => {94}"	0.3125	0.802310654685494	0.3895	1.2867853322943	625
"2167"	"{100,60} => {56}"	0.3025	0.889705882352941	0.34	1.14138022110704	605
"2175"	"{100,38} => {1}"	0.362	1	0.362	1.21212121212121	724
"2176"	"{1,100} => {38}"	0.362	0.886168910648715	0.4085	1.21144075276653	724
"2210"	"{100,78} => {69}"	0.432	0.981818181818182	0.44	1.10502890469126	864
"2239"	"{5,52} => {21}"	0.233	0.933867735470942	0.2495	1.62270675146993	466
"2258"	"{21,5} => {35}"	0.296	0.925	0.32	1.60034602076125	592
"2259"	"{35,5} => {21}"	0.296	0.9472	0.3125	1.64587315377932	592
"2261"	"{5,94} => {21}"	0.32	0.952380952380952	0.336	1.65487567746473	640
"2262"	"{21,5} => {60}"	0.273	0.853125	0.32	1.24271667880554	546
"2272"	"{5,94} => {35}"	0.312	0.928571428571429	0.336	1.60652496292635	624
"2273"	"{35,5} => {60}"	0.265	0.848	0.3125	1.23525127458121	530
"2282"	"{5,94} => {60}"	0.289	0.860119047619048	0.336	1.25290465785732	578
"2284"	"{5,56} => {94}"	0.336	0.814545454545455	0.4125	1.30640810672888	672
"2292"	"{5,60} => {56}"	0.3265	0.890859481582537	0.3665	1.1428601431463	653
"2301"	"{1,5} => {38}"	0.393	0.907621247113164	0.433	1.24076725511027	786
"2364"	"{113,52} => {21}"	0.231	0.997840172786177	0.2315	1.7338665035381	462
"2365"	"{113,21} => {52}"	0.231	1	0.231	1.96850393700787	462
"2367"	"{113,35} => {52}"	0.2315	1	0.2315	1.96850393700787	463
"2369"	"{113,94} => {52}"	0.231	1	0.231	1.96850393700787	462
"2383"	"{38,52} => {21}"	0.347	0.998561151079137	0.3475	1.73511928945115	694
"2384"	"{21,38} => {52}"	0.347	0.832134292565947	0.417	1.63805963103533	694
"2386"	"{52,56} => {21}"	0.4595	0.905418719211823	0.5075	1.57327318716216	919
"2388"	"{21,52} => {69}"	0.4595	1	0.4595	1.12549240292628	919
"2389"	"{52,69} => {21}"	0.4595	0.905418719211823	0.5075	1.57327318716216	919
"2390"	"{21,69} => {52}"	0.4595	0.872744539411206	0.5265	1.71800106183308	919
"2391"	"{21,52} => {78}"	0.4595	1	0.4595	1.12359550561798	919
"2392"	"{52,78} => {21}"	0.4595	0.905418719211823	0.5075	1.57327318716216	919
"2393"	"{21,78} => {52}"	0.4595	0.870265151515151	0.528	1.71312037699833	919
"2417"	"{35,69} => {52}"	0.5075	0.960264900662252	0.5285	1.89028523752412	1015
"2420"	"{35,78} => {52}"	0.5075	0.957547169811321	0.53	1.88493537364433	1015
"2434"	"{52,60} => {94}"	0.413	1	0.413	1.60384923817161	826
"2436"	"{38,94} => {52}"	0.347	0.832134292565947	0.417	1.63805963103533	694
"2438"	"{52,56} => {94}"	0.5075	1	0.5075	1.60384923817161	1015
"2440"	"{1,52} => {94}"	0.395	1	0.395	1.60384923817161	790
"2441"	"{52,94} => {69}"	0.5075	1	0.5075	1.12549240292628	1015
"2442"	"{52,69} => {94}"	0.5075	1	0.5075	1.60384923817161	1015
"2443"	"{69,94} => {52}"	0.5075	0.883376849434291	0.5745	1.73893080597301	1015
"2444"	"{52,94} => {78}"	0.5075	1	0.5075	1.12359550561798	1015
"2445"	"{52,78} => {94}"	0.5075	1	0.5075	1.60384923817161	1015
"2446"	"{78,94} => {52}"	0.5075	0.881076388888889	0.576	1.73440234033246	1015
"2459"	"{52,60} => {56}"	0.413	1	0.413	1.28287363694676	826
"2460"	"{52,56} => {60}"	0.413	0.813793103448276	0.5075	1.1854233116508	826
"2461"	"{52,60} => {69}"	0.413	1	0.413	1.12549240292628	826
"2462"	"{52,69} => {60}"	0.413	0.813793103448276	0.5075	1.1854233116508	826
"2463"	"{52,60} => {78}"	0.413	1	0.413	1.12359550561798	826
"2464"	"{52,78} => {60}"	0.413	0.813793103448276	0.5075	1.1854233116508	826
"2482"	"{1,52} => {56}"	0.395	1	0.395	1.28287363694676	790
"2483"	"{52,56} => {69}"	0.5075	1	0.5075	1.12549240292628	1015
"2484"	"{52,69} => {56}"	0.5075	1	0.5075	1.28287363694676	1015
"2485"	"{52,56} => {78}"	0.5075	1	0.5075	1.12359550561798	1015
"2486"	"{52,78} => {56}"	0.5075	1	0.5075	1.28287363694676	1015
"2495"	"{1,52} => {69}"	0.395	1	0.395	1.12549240292628	790
"2496"	"{1,52} => {78}"	0.395	1	0.395	1.12359550561798	790
"2501"	"{52,69} => {78}"	0.5075	1	0.5075	1.12359550561798	1015
"2502"	"{52,78} => {69}"	0.5075	1	0.5075	1.12549240292628	1015
"2531"	"{113,21} => {35}"	0.231	1	0.231	1.73010380622837	462
"2532"	"{113,35} => {21}"	0.231	0.997840172786177	0.2315	1.7338665035381	462
"2534"	"{113,94} => {21}"	0.231	1	0.231	1.73761946133797	462
"2536"	"{113,21} => {69}"	0.231	1	0.231	1.12549240292628	462
"2537"	"{113,21} => {78}"	0.231	1	0.231	1.12359550561798	462
"2543"	"{113,94} => {35}"	0.231	1	0.231	1.73010380622837	462
"2552"	"{113,94} => {69}"	0.231	1	0.231	1.12549240292628	462
"2553"	"{113,94} => {78}"	0.231	1	0.231	1.12359550561798	462
"2560"	"{113,60} => {69}"	0.3415	1	0.3415	1.12549240292628	683
"2561"	"{113,60} => {78}"	0.3415	1	0.3415	1.12359550561798	683
"2568"	"{1,113} => {38}"	0.4885	1	0.4885	1.36705399863295	977
"2582"	"{113,56} => {69}"	0.387	1	0.387	1.12549240292628	774
"2583"	"{113,56} => {78}"	0.387	1	0.387	1.12359550561798	774
"2588"	"{1,113} => {69}"	0.4885	1	0.4885	1.12549240292628	977
"2589"	"{113,69} => {1}"	0.4885	0.896330275229358	0.545	1.08646093967195	977
"2590"	"{1,113} => {78}"	0.4885	1	0.4885	1.12359550561798	977
"2591"	"{113,78} => {1}"	0.4885	0.896330275229358	0.545	1.08646093967195	977
"2600"	"{113,69} => {78}"	0.545	1	0.545	1.12359550561798	1090
"2601"	"{113,78} => {69}"	0.545	1	0.545	1.12549240292628	1090
"2636"	"{21,38} => {35}"	0.417	1	0.417	1.73010380622837	834
"2637"	"{35,38} => {21}"	0.417	0.998802395209581	0.4175	1.73553847994714	834
"2640"	"{35,56} => {21}"	0.5295	0.916883116883117	0.5775	1.59319394766832	1059
"2665"	"{38,94} => {21}"	0.417	1	0.417	1.73761946133797	834
"2705"	"{21,38} => {1}"	0.417	1	0.417	1.21212121212121	834
"2706"	"{1,21} => {38}"	0.417	0.900647948164147	0.463	1.23123437889836	834
"2768"	"{35,60} => {94}"	0.483	1	0.483	1.60384923817161	966
"2771"	"{38,94} => {35}"	0.417	1	0.417	1.73010380622837	834
"2773"	"{35,56} => {94}"	0.5775	1	0.5775	1.60384923817161	1155
"2776"	"{1,35} => {94}"	0.465	1	0.465	1.60384923817161	930
"2779"	"{35,69} => {94}"	0.5285	1	0.5285	1.60384923817161	1057
"2782"	"{35,78} => {94}"	0.53	1	0.53	1.60384923817161	1060
"2796"	"{35,60} => {56}"	0.483	1	0.483	1.28287363694676	966
"2797"	"{35,56} => {60}"	0.483	0.836363636363636	0.5775	1.21830099980136	966
"2812"	"{1,35} => {38}"	0.417	0.896774193548387	0.465	1.22593874716116	834
"2820"	"{1,35} => {56}"	0.465	1	0.465	1.28287363694676	930
"2822"	"{35,69} => {56}"	0.5285	1	0.5285	1.28287363694676	1057
"2824"	"{35,78} => {56}"	0.53	1	0.53	1.28287363694676	1060
"2875"	"{56,60} => {94}"	0.529	0.872937293729373	0.606	1.40005981351944	1058
"2890"	"{38,94} => {1}"	0.417	1	0.417	1.21212121212121	834
"2955"	"{38,60} => {1}"	0.48	1	0.48	1.21212121212121	960
"3019"	"{38,56} => {1}"	0.573	1	0.573	1.21212121212121	1146
"3028"	"{38,69} => {1}"	0.682	1	0.682	1.21212121212121	1364
"3031"	"{38,78} => {1}"	0.6835	1	0.6835	1.21212121212121	1367
"4422"	"{6,69,78} => {20}"	0.204	0.879310344827586	0.232	2.4256837098692	408
"4479"	"{1,38,6} => {53}"	0.2095	1	0.2095	2.32558139534884	419
"4524"	"{1,38,6} => {27}"	0.2095	1	0.2095	2.31481481481481	419
"4900"	"{69,78,9} => {52}"	0.2785	0.99820788530466	0.279	1.96497615217453	557
"5864"	"{18,56,60} => {21}"	0.202	0.891832229580574	0.2265	1.54966503836764	404
"5921"	"{18,56,60} => {94}"	0.202	0.891832229580574	0.2265	1.43036444198969	404
"6554"	"{20,27,38} => {90}"	0.314	1	0.314	3.18471337579618	628
"6590"	"{1,113,20} => {90}"	0.314	1	0.314	3.18471337579618	628
"6594"	"{113,20,69} => {90}"	0.314	1	0.314	3.18471337579618	628
"6598"	"{113,20,78} => {90}"	0.314	1	0.314	3.18471337579618	628
"6618"	"{1,20,38} => {90}"	0.314	1	0.314	3.18471337579618	628
"6622"	"{20,38,69} => {90}"	0.314	1	0.314	3.18471337579618	628
"6626"	"{20,38,78} => {90}"	0.314	1	0.314	3.18471337579618	628
"6742"	"{27,53,69} => {90}"	0.314	0.937313432835821	0.335	2.98507462686567	628
"6746"	"{27,53,78} => {90}"	0.314	0.933135215453195	0.3365	2.97176820208024	628
"6802"	"{38,53,69} => {90}"	0.314	0.937313432835821	0.335	2.98507462686567	628
"6806"	"{38,53,78} => {90}"	0.314	0.933135215453195	0.3365	2.97176820208024	628
"6846"	"{53,69,78} => {90}"	0.314	0.859097127222982	0.3655	2.7359781121751	628
"6936"	"{27,38,69} => {90}"	0.314	0.937313432835821	0.335	2.98507462686567	628
"6940"	"{27,38,78} => {90}"	0.314	0.933135215453195	0.3365	2.97176820208024	628
"6980"	"{27,69,78} => {90}"	0.314	0.854421768707483	0.3675	2.72108843537415	628
"7330"	"{20,27,38} => {37}"	0.314	1	0.314	2.77777777777778	628
"7366"	"{1,113,20} => {37}"	0.314	1	0.314	2.77777777777778	628
"7370"	"{113,20,69} => {37}"	0.314	1	0.314	2.77777777777778	628
"7374"	"{113,20,78} => {37}"	0.314	1	0.314	2.77777777777778	628
"7394"	"{1,20,38} => {37}"	0.314	1	0.314	2.77777777777778	628
"7398"	"{20,38,69} => {37}"	0.314	1	0.314	2.77777777777778	628
"7402"	"{20,38,78} => {37}"	0.314	1	0.314	2.77777777777778	628
"7658"	"{53,69,78} => {37}"	0.36	0.984952120383037	0.3655	2.7359781121751	720
"7754"	"{27,38,69} => {37}"	0.314	0.937313432835821	0.335	2.60364842454395	628
"7758"	"{27,38,78} => {37}"	0.314	0.933135215453195	0.3365	2.59204226514776	628
"7798"	"{27,69,78} => {37}"	0.314	0.854421768707483	0.3675	2.37339380196523	628
"8267"	"{56,60,8} => {21}"	0.204	0.841237113402062	0.2425	1.4617499798472	408
"8692"	"{1,113,20} => {53}"	0.314	1	0.314	2.32558139534884	628
"8696"	"{113,20,69} => {53}"	0.314	1	0.314	2.32558139534884	628
"8700"	"{113,20,78} => {53}"	0.314	1	0.314	2.32558139534884	628
"8720"	"{1,20,38} => {53}"	0.314	1	0.314	2.32558139534884	628
"8724"	"{20,38,69} => {53}"	0.314	1	0.314	2.32558139534884	628
"8725"	"{38,53,69} => {20}"	0.314	0.937313432835821	0.335	2.58569222851261	628
"8728"	"{20,38,78} => {53}"	0.314	1	0.314	2.32558139534884	628
"8729"	"{38,53,78} => {20}"	0.314	0.933135215453195	0.3365	2.57416611159502	628
"8769"	"{53,69,78} => {20}"	0.314	0.859097127222982	0.3655	2.36992310958064	628
"8939"	"{27,69,78} => {20}"	0.362	0.985034013605442	0.3675	2.71733520994605	724
"10016"	"{27,53,69} => {113}"	0.314	0.937313432835821	0.335	1.71826477146805	628
"10020"	"{27,53,78} => {113}"	0.314	0.933135215453195	0.3365	1.71060534455214	628
"10252"	"{38,53,69} => {113}"	0.314	0.937313432835821	0.335	1.71826477146805	628
"10255"	"{38,53,78} => {113}"	0.314	0.933135215453195	0.3365	1.71060534455214	628
"10284"	"{53,69,78} => {113}"	0.314	0.859097127222982	0.3655	1.57488015989548	628
"10668"	"{27,38,69} => {113}"	0.314	0.937313432835821	0.335	1.71826477146805	628
"10671"	"{27,38,78} => {113}"	0.314	0.933135215453195	0.3365	1.71060534455214	628
"10700"	"{27,69,78} => {113}"	0.314	0.854421768707483	0.3675	1.56630938351509	628
"11058"	"{21,69,99} => {52}"	0.2295	0.958246346555324	0.2395	1.88631170581757	459
"11061"	"{21,78,99} => {52}"	0.2295	0.952282157676348	0.241	1.87457117652824	459
"11085"	"{35,69,99} => {52}"	0.2535	0.962049335863378	0.2635	1.89379790524287	507
"11109"	"{69,94,99} => {52}"	0.2535	0.962049335863378	0.2635	1.89379790524287	507
"11112"	"{78,94,99} => {52}"	0.2535	0.956603773584906	0.265	1.88307829445848	507
"11244"	"{35,38,99} => {21}"	0.2075	1	0.2075	1.73761946133797	415
"11308"	"{1,21,99} => {38}"	0.2075	1	0.2075	1.36705399863295	415
"11391"	"{56,60,99} => {35}"	0.2395	0.855357142857143	0.28	1.47985664854177	479
"11894"	"{100,21,69} => {52}"	0.23	0.872865275142315	0.2635	1.71823873059511	460
"11897"	"{100,21,78} => {52}"	0.23	0.872865275142315	0.2635	1.71823873059511	460
"11920"	"{100,35,78} => {52}"	0.254	0.958490566037736	0.265	1.88679245283019	508
"11940"	"{100,69,94} => {52}"	0.254	0.883478260869565	0.2875	1.73913043478261	508
"11943"	"{100,78,94} => {52}"	0.254	0.883478260869565	0.2875	1.73913043478261	508
"12075"	"{100,35,38} => {21}"	0.2095	1	0.2095	1.73761946133797	419
"12130"	"{100,56,60} => {21}"	0.242	0.8	0.3025	1.39009556907037	484
"12145"	"{1,100,21} => {38}"	0.2095	0.90301724137931	0.232	1.23447333066208	419
"12235"	"{100,56,60} => {35}"	0.2435	0.80495867768595	0.3025	1.39266207212102	487
"12250"	"{1,100,35} => {38}"	0.2095	0.897216274089936	0.2335	1.2265430951332	419
"12311"	"{100,56,60} => {94}"	0.266	0.879338842975207	0.3025	1.41032693340049	532
"12685"	"{5,52,56} => {21}"	0.233	0.93574297188755	0.249	1.62596519876203	466
"12687"	"{5,52,69} => {21}"	0.233	0.93574297188755	0.249	1.62596519876203	466
"12690"	"{5,52,78} => {21}"	0.233	0.93574297188755	0.249	1.62596519876203	466
"12860"	"{35,5,56} => {21}"	0.296	0.948717948717949	0.312	1.64851077101294	592
"12912"	"{5,56,60} => {21}"	0.273	0.836140888208269	0.3265	1.4528946797711	546
"12928"	"{1,21,5} => {38}"	0.236	0.907692307692308	0.26	1.24086439875914	472
"13017"	"{35,5,56} => {60}"	0.265	0.849358974358974	0.312	1.2372308439315	530
"13018"	"{5,56,60} => {35}"	0.265	0.811638591117917	0.3265	1.40421901577494	530
"13034"	"{1,35,5} => {38}"	0.236	0.936507936507937	0.252	1.28025691935466	472
"13095"	"{5,56,60} => {94}"	0.289	0.885145482388974	0.3265	1.4196399076006	578
"13468"	"{113,52,56} => {21}"	0.231	1	0.231	1.73761946133797	462
"13471"	"{113,52,69} => {21}"	0.231	1	0.231	1.73761946133797	462
"13474"	"{113,52,78} => {21}"	0.231	1	0.231	1.73761946133797	462
"13646"	"{38,52,60} => {21}"	0.2525	1	0.2525	1.73761946133797	505
"13665"	"{38,52,56} => {21}"	0.347	1	0.347	1.73761946133797	694
"13668"	"{1,21,52} => {38}"	0.347	1	0.347	1.36705399863295	694
"13669"	"{1,38,52} => {21}"	0.347	1	0.347	1.73761946133797	694
"13672"	"{38,52,69} => {21}"	0.347	1	0.347	1.73761946133797	694
"13673"	"{21,38,69} => {52}"	0.347	0.942934782608696	0.368	1.85617083190688	694
"13675"	"{38,52,78} => {21}"	0.347	1	0.347	1.73761946133797	694
"13676"	"{21,38,78} => {52}"	0.347	0.939106901217862	0.3695	1.84863563231863	694
"13728"	"{21,69,78} => {52}"	0.4595	0.899217221135029	0.511	1.77011264002959	919
"13921"	"{35,69,78} => {52}"	0.5075	0.989278752436647	0.513	1.94739911896978	1015
"14012"	"{38,69,94} => {52}"	0.347	0.942934782608696	0.368	1.85617083190688	694
"14015"	"{38,78,94} => {52}"	0.347	0.939106901217862	0.3695	1.84863563231863	694
"14071"	"{69,78,94} => {52}"	0.5075	0.907871198568873	0.559	1.78714802867888	1015
"14422"	"{113,35,56} => {21}"	0.231	1	0.231	1.73761946133797	462
"14425"	"{113,35,69} => {21}"	0.231	1	0.231	1.73761946133797	462
"14428"	"{113,35,78} => {21}"	0.231	1	0.231	1.73761946133797	462
"14934"	"{35,38,60} => {21}"	0.3225	1	0.3225	1.73761946133797	645
"14967"	"{35,38,56} => {21}"	0.417	1	0.417	1.73761946133797	834
"14969"	"{1,21,35} => {38}"	0.417	1	0.417	1.36705399863295	834
"14971"	"{1,35,38} => {21}"	0.417	1	0.417	1.73761946133797	834
"14974"	"{35,38,69} => {21}"	0.368	1	0.368	1.73761946133797	736
"14977"	"{35,38,78} => {21}"	0.3695	1	0.3695	1.73761946133797	739
"15263"	"{38,56,60} => {21}"	0.3225	0.807259073842303	0.3995	1.40270907705005	645
"15730"	"{38,56,60} => {35}"	0.3225	0.807259073842303	0.3995	1.39664199626696	645
"26728"	"{27,53,69,78} => {90}"	0.314	0.982785602503912	0.3195	3.12989045383412	628
"26973"	"{38,53,69,78} => {90}"	0.314	0.982785602503912	0.3195	3.12989045383412	628
"27383"	"{27,38,69,78} => {90}"	0.314	0.982785602503912	0.3195	3.12989045383412	628
"29870"	"{27,38,69,78} => {37}"	0.314	0.982785602503912	0.3195	2.72996000695531	628
"32428"	"{38,53,69,78} => {20}"	0.314	0.982785602503912	0.3195	2.71113269656252	628
"35932"	"{27,53,69,78} => {113}"	0.314	0.982785602503912	0.3195	1.8016234693014	628
"36552"	"{38,53,69,78} => {113}"	0.314	0.982785602503912	0.3195	1.8016234693014	628
"37436"	"{27,38,69,78} => {113}"	0.314	0.982785602503912	0.3195	1.8016234693014	628
"38338"	"{21,69,78,99} => {52}"	0.2295	0.989224137931034	0.232	1.94729161010046	459
"38482"	"{35,69,78,99} => {52}"	0.2535	0.990234375	0.256	1.94928026574803	507
"38594"	"{69,78,94,99} => {52}"	0.2535	0.990234375	0.256	1.94928026574803	507
"38654"	"{56,60,69,99} => {52}"	0.2055	0.802734375	0.256	1.58018577755906	411
"41023"	"{100,21,69,78} => {52}"	0.23	0.900195694716243	0.2555	1.77203876912646	460
"41268"	"{100,69,78,94} => {52}"	0.254	0.908765652951699	0.2795	1.78890876565295	508
"47316"	"{21,38,69,78} => {52}"	0.347	0.984397163120567	0.3525	1.93778969118222	694
"48533"	"{38,69,78,94} => {52}"	0.347	0.984397163120567	0.3525	1.93778969118222	694
"95180"	"{56,60,69,78,99} => {52}"	0.2055	0.826961770623742	0.2485	1.62787750122784	411
